"alum.kfupm.edu.sa","","","","","","","bing_domain_web"
"alumni.kfupm.edu.sa","","","","","","","bing_domain_web"
"apply.kfupm.edu.sa","","","","","","","bing_domain_web"
"arc.kfupm.edu.sa","","","","","","","bing_domain_web"
"are.kfupm.edu.sa","","","","","","","bing_domain_web"
"banner8-ssb.kfupm.edu.sa","","","","","","","bing_domain_web"
"banner9-registration.kfupm.edu.sa","","","","","","","bing_domain_web"
"banner9-selfservice.kfupm.edu.sa","","","","","","","bing_domain_web"
"bids.kfupm.edu.sa","","","","","","","bing_domain_web"
"blackboard.kfupm.edu.sa","","","","","","","bing_domain_web"
"bookstore.kfupm.edu.sa","","","","","","","bing_domain_web"
"bulletin.kfupm.edu.sa","","","","","","","bing_domain_web"
"catsymp.kfupm.edu.sa","","","","","","","bing_domain_web"
"ccs.kfupm.edu.sa","","","","","","","bing_domain_web"
"cday.kfupm.edu.sa","","","","","","","bing_domain_web"
"cew.kfupm.edu.sa","","","","","","","bing_domain_web"
"change-major.kfupm.edu.sa","","","","","","","bing_domain_web"
"chemistry.kfupm.edu.sa","","","","","","","bing_domain_web"
"cie.kfupm.edu.sa","","","","","","","bing_domain_web"
"cnp.kfupm.edu.sa","","","","","","","bing_domain_web"
"coe.kfupm.edu.sa","","","","","","","bing_domain_web"
"collaboration.kfupm.edu.sa","","","","","","","bing_domain_web"
"cpg.kfupm.edu.sa","","","","","","","bing_domain_web"
"cx.kfupm.edu.sa","","","","","","","bing_domain_web"
"dad.kfupm.edu.sa","","","","","","","bing_domain_web"
"dadapps.kfupm.edu.sa","","","","","","","bing_domain_web"
"dalil.kfupm.edu.sa","","","","","","","bing_domain_web"
"dcc.kfupm.edu.sa","","","","","","","bing_domain_web"
"domain.opendns.com/faculty.kfupm.edu.sa","","","","","","","bing_domain_web"
"droc.kfupm.edu.sa","","","","","","","bing_domain_web"
"eattachments.kfupm.edu.sa","","","","","","","bing_domain_web"
"edesk.kfupm.edu.sa","","","","","","","bing_domain_web"
"ei.kfupm.edu.sa","","","","","","","bing_domain_web"
"eld.kfupm.edu.sa","","","","","","","bing_domain_web"
"employee-stickers.kfupm.edu.sa","","","","","","","bing_domain_web"
"epay.kfupm.edu.sa","","","","","","","bing_domain_web"
"eprints.kfupm.edu.sa","","","","","","","bing_domain_web"
"evaluate.kfupm.edu.sa","","","","","","","bing_domain_web"
"events.kfupm.edu.sa","","","","","","","bing_domain_web"
"faculty.kfupm.edu.sa","","","","","","","bing_domain_web"
"facultypromotion.kfupm.edu.sa","","","","","","","bing_domain_web"
"filer.kfupm.edu.sa","","","","","","","bing_domain_web"
"fund.kfupm.edu.sa","","","","","","","bing_domain_web"
"futurefaculty.kfupm.edu.sa","","","","","","","bing_domain_web"
"ga.kfupm.edu.sa","","","","","","","bing_domain_web"
"grads.kfupm.edu.sa","","","","","","","bing_domain_web"
"gradweb.kfupm.edu.sa","","","","","","","bing_domain_web"
"hiep22.kfupm.edu.sa","","","","","","","bing_domain_web"
"hypestat.com/info/mail.kfupm.edu.sa","","","","","","","bing_domain_web"
"iab.kfupm.edu.sa","","","","","","","bing_domain_web"
"irm.kfupm.edu.sa","","","","","","","bing_domain_web"
"irshad.kfupm.edu.sa","","","","","","","bing_domain_web"
"ise.kfupm.edu.sa","","","","","","","bing_domain_web"
"iskan.kfupm.edu.sa","","","","","","","bing_domain_web"
"itt.kfupm.edu.sa","","","","","","","bing_domain_web"
"kbs.kfupm.edu.sa","","","","","","","bing_domain_web"
"kikx.kfupm.edu.sa","","","","","","","bing_domain_web"
"klass.kfupm.edu.sa","","","","","","","bing_domain_web"
"library-web.kfupm.edu.sa","","","","","","","bing_domain_web"
"library.kfupm.edu.sa","","","","","","","bing_domain_web"
"lims.kfupm.edu.sa","","","","","","","bing_domain_web"
"login.kfupm.edu.sa","","","","","","","bing_domain_web"
"mail.dcc.kfupm.edu.sa","","","","","","","bing_domain_web"
"mail.kfupm.edu.sa","","","","","","","bing_domain_web"
"masaar.kfupm.edu.sa","","","","","","","bing_domain_web"
"mediacenter.kfupm.edu.sa","","","","","","","bing_domain_web"
"medicalcenter.kfupm.edu.sa","","","","","","","bing_domain_web"
"mfa.kfupm.edu.sa","","","","","","","bing_domain_web"
"mse.kfupm.edu.sa","","","","","","","bing_domain_web"
"multi-factor.kfupm.edu.sa","","","","","","","bing_domain_web"
"mustanad.kfupm.edu.sa","","","","","","","bing_domain_web"
"mx.kfupm.edu.sa","","","","","","","bing_domain_web"
"new-students.kfupm.edu.sa","","","","","","","bing_domain_web"
"news.kfupm.edu.sa","","","","","","","bing_domain_web"
"newsletter.kfupm.edu.sa","","","","","","","bing_domain_web"
"offers.kfupm.edu.sa","","","","","","","bing_domain_web"
"office.kfupm.edu.sa","","","","","","","bing_domain_web"
"oic.kfupm.edu.sa","","","","","","","bing_domain_web"
"olympiad.kfupm.edu.sa","","","","","","","bing_domain_web"
"owa.kfupm.edu.sa","","","","","","","bing_domain_web"
"password.kfupm.edu.sa","","","","","","","bing_domain_web"
"portal.kfupm.edu.sa","","","","","","","bing_domain_web"
"postdoc.kfupm.edu.sa","","","","","","","bing_domain_web"
"pr.kfupm.edu.sa","","","","","","","bing_domain_web"
"projects.kfupm.edu.sa","","","","","","","bing_domain_web"
"pure.kfupm.edu.sa","","","","","","","bing_domain_web"
"qabool.kfupm.edu.sa","","","","","","","bing_domain_web"
"readmission.kfupm.edu.sa","","","","","","","bing_domain_web"
"reg-serviceapp.kfupm.edu.sa","","","","","","","bing_domain_web"
"registrar.kfupm.edu.sa","","","","","","","bing_domain_web"
"remote.kfupm.edu.sa","","","","","","","bing_domain_web"
"research.kfupm.edu.sa","","","","","","","bing_domain_web"
"ri.kfupm.edu.sa","","","","","","","bing_domain_web"
"room-reservation.kfupm.edu.sa","","","","","","","bing_domain_web"
"sat.kfupm.edu.sa","","","","","","","bing_domain_web"
"sec-6.kfupm.edu.sa","","","","","","","bing_domain_web"
"ses.kfupm.edu.sa","","","","","","","bing_domain_web"
"ssc.kfupm.edu.sa","","","","","","","bing_domain_web"
"staff-jobs.kfupm.edu.sa","","","","","","","bing_domain_web"
"staff.kfupm.edu.sa","","","","","","","bing_domain_web"
"star.kfupm.edu.sa","","","","","","","bing_domain_web"
"sts.kfupm.edu.sa","","","","","","","bing_domain_web"
"student-petitions.kfupm.edu.sa","","","","","","","bing_domain_web"
"studentloan.kfupm.edu.sa","","","","","","","bing_domain_web"
"stumail.kfupm.edu.sa","","","","","","","bing_domain_web"
"sustainability.kfupm.edu.sa","","","","","","","bing_domain_web"
"tadreeb.kfupm.edu.sa","","","","","","","bing_domain_web"
"tarfeeh.kfupm.edu.sa","","","","","","","bing_domain_web"
"tasks.kfupm.edu.sa","","","","","","","bing_domain_web"
"visit.kfupm.edu.sa","","","","","","","bing_domain_web"
"vpn.kfupm.edu.sa","","","","","","","bing_domain_web"
"waki.kfupm.edu.sa","","","","","","","bing_domain_web"
"www.ccse.kfupm.edu.sa","","","","","","","bing_domain_web"
"www.dcc.kfupm.edu.sa","","","","","","","bing_domain_web"
"www.ipaddress.com/site/login.kfupm.edu.sa","","","","","","","bing_domain_web"
"www.ipaddress.com/site/tarfeeh.kfupm.edu.sa","","","","","","","bing_domain_web"
"www.kfupm.edu.sa","","","","","","","bing_domain_web"
